Description,Heater PS  Current,Heater PS  Voltage,Heater PS  Power,Pyrometer 3 Temp
Timestamp,Cathode_Current,Cathode_Voltage,Cathode_Power,Omega
44013.7441,5.797212295,79.31212618,0.336406676,651.8333711
44013.74375,5.774609448,79.95570619,0.33190237,652.1808989
44013.7434,5.790989137,79.94941391,0.331262419,652.3081183
44013.74306,5.802630875,79.30704941,0.338346769,652.4349039
44013.74271,5.771340353,79.29046055,0.321829598,652.4132761
44013.74236,5.788951268,79.59581392,0.340256127,653.1658948
44013.74201,5.785879728,79.90116729,0.33206206,653.4543495
44013.74167,5.791370594,79.00920411,0.334570156,653.5205282
44013.74132,5.79887583,78.85780273,0.335909646,653.7376856
44013.74097,5.770377629,78.04374769,0.333118218,653.7445233
44013.74063,5.778389398,78.85089347,0.33994898,654.2736269
44013.74028,5.776403001,79.65803924,0.336748369,654.4465312
44013.73993,5.763213833,79.66405194,0.329608484,654.7210427
44013.73958,5.80276413,79.89612023,0.329634417,654.9125878
44013.73924,5.774944231,79.91627854,0.332948214,655.2350584
44013.73889,5.788631399,79.85665827,0.342513334,655.3605781
44013.73854,5.775033822,79.90993856,0.331633291,655.4876635
44013.73819,5.78939694,79.96321884,0.33855664,655.6641207
44013.73785,5.767244155,79.92318432,0.332588751,656.150671
44013.7375,5.791165711,79.77661261,0.332563445,656.468023
44013.73715,5.789858712,79.80057179,0.335742492,656.6718115
44013.73681,5.78795848,79.82453097,0.328929516,657.3072197
44013.73646,5.784321681,79.84849015,0.333242369,657.4886615
44013.73611,5.798651554,79.87244932,0.335459342,657.6091966
44013.73576,5.762656008,79.8964085,0.337389655,658.2263852
44013.73542,5.791434181,79.92036768,0.335409614,658.3894734
44013.73507,5.80235415,79.94432686,0.339230309,658.6386597
44013.73472,5.775637664,79.96828603,0.334145256,658.9727994
44013.73438,5.802022807,79.99224521,0.325530994,659.4508123
44013.73403,5.770201592,79.88694296,0.333190371,659.5965385
44013.73368,5.774481959,79.8322977,0.332533856,660.1412851
44013.73333,5.793018974,79.88598535,0.329902517,660.6480612
44013.73299,5.791840757,79.93967299,0.338263608,660.7617586
44013.73264,5.791795721,79.99336063,0.327783359,661.1516864
44013.73229,5.795401225,79.79637164,0.339360309,661.6045081
44013.73194,5.784063196,79.7951301,0.335436053,661.7606248
44013.7316,5.80650724,79.82177002,0.333353091,662.235506
44013.73125,5.774205375,79.84840995,0.33466801,662.445845
44013.7309,5.789649294,79.87504987,0.333232855,663.1596209
44013.73056,5.801262267,79.9016898,0.328032122,663.4176187
44013.73021,5.781898149,79.92832972,0.319427245,663.7634148
44013.72986,5.749901863,79.95496965,0.329577689,664.5351542
44013.72951,5.749779152,79.98160957,0.334466098,664.7351028
44013.72917,5.783273427,79.69987499,0.331194063,665.3981103
44013.72882,5.787769406,79.38894229,0.343599041,665.5475425
44013.72847,5.752551144,79.73672698,0.333093519,666.032527
44013.72813,5.78123364,79.81319833,0.336201193,666.3376355
44013.72778,5.787646324,79.52572564,0.331343151,667.0144522
44013.72743,5.779718937,79.81195036,0.329589566,667.9198276
44013.72708,5.753384256,79.95170398,0.330853395,668.0198689
44013.72674,5.772688926,79.05399232,0.339361467,668.8184993
44013.72639,5.760568577,79.87505534,0.330728307,668.630373
44013.72604,5.808774905,79.07004418,0.334250261,669.3255434
44013.72569,5.745676945,79.13702271,0.331224573,669.9716292
44013.72535,5.761832478,79.29139227,0.331074991,670.484079
44013.725,5.766152707,79.44576183,0.330500432,670.9149944
44013.72465,5.793295999,79.60013139,0.34077018,671.6608343
44013.72431,5.812224727,79.75450094,0.335564665,672.1069715
44013.72396,5.778567686,79.9088705,0.337742638,672.8190827
44013.72361,5.789805158,79.98457668,0.328481784,673.1345817
44013.72326,5.766499777,79.67483836,0.335614616,673.5501071
44013.72292,5.792630857,79.81030508,0.332434873,674.0639527
44013.72257,5.758570171,79.95165581,0.332372948,674.9711517
44013.72222,5.772942895,79.7645644,0.332996533,675.4935709
44013.72188,5.775676172,77.83740459,0.333422255,676.044734
44013.72153,5.807473968,78.74213004,0.335375797,676.7041887
44013.72118,5.774258414,79.6468555,0.33781407,677.3689152
44013.72083,5.757324169,79.52464623,0.332452618,678.2744246
44013.72049,5.778623806,79.59348278,0.329766611,678.6105512
44013.72014,5.775417433,79.95526019,0.336646725,679.6213737
44013.71979,5.77183933,79.48317699,0.338886476,680.3724854
44013.71944,5.787746916,79.50501633,0.3371639,681.0660899
44013.7191,5.744415219,79.59684436,0.328348727,681.7153074
44013.71875,5.786080394,79.68867238,0.331929004,682.2936487
44013.7184,5.785893893,79.78050041,0.330790778,683.2027109
44013.71806,5.747248937,79.87232843,0.333259456,684.1302446
44013.71771,5.751535187,79.96415646,0.336083626,684.6324415
44013.71736,5.76688948,78.83752653,0.332149639,685.5430593
44013.71701,5.776965084,79.47655116,0.337782215,686.3791244
44013.71667,5.780868234,79.7501058,0.332627026,687.2540368
44013.71632,5.780182562,78.95246536,0.331200107,688.103624
44013.71597,5.778527017,79.97578152,0.327296419,688.9906266
44013.71563,5.758491663,79.50928598,0.335346188,689.8708108
44013.71528,5.765842791,79.94622542,0.328015288,690.9678652
44013.71493,5.775053021,79.65529589,0.338820709,691.7225298
44013.71458,5.773665286,79.72762724,0.332468663,692.4567006
44013.71424,5.755393826,79.84484403,0.335225414,693.5778016
44013.71389,5.79242218,79.96206083,0.336288019,694.7462713
44013.71354,5.796031605,78.33246671,0.335154556,696.0670079
44013.71319,5.763909488,78.81352536,0.340390208,696.7798275
44013.71285,5.768288087,79.98740873,0.333695524,697.9208671
44013.7125,5.763528203,79.8078274,0.333980766,698.8144202
44013.71215,5.75934577,79.90772651,0.333872065,699.8827306
44013.71181,5.784727625,79.92642282,0.333593771,701.0429661
44013.71146,5.781010184,79.57891083,0.331182793,702.0129543
44013.71111,5.756282133,79.68403594,0.338183827,703.212037
44013.71076,5.78714353,79.28680157,0.32927493,704.5500254
44013.71042,5.78618089,79.91507899,0.335843761,705.7147858
44013.71007,5.746058358,79.75327028,0.337565438,706.8815514
44013.70972,5.788877546,79.41096019,0.330239512,707.9700684
44013.70938,5.77682361,78.95896486,0.331371948,709.560932
44013.70903,5.768142809,78.21940932,0.331977551,710.7904777
44013.70868,5.771461681,78.77175882,0.330423437,712.1267684
44013.70833,5.76806495,79.32410833,0.335348618,713.0070866
44013.70799,5.774116675,79.87645783,0.329085848,714.7264356
44013.70764,5.757255127,79.8018193,0.337223119,715.9359157
44013.70729,5.753726961,79.92388082,0.328429822,717.4604306
44013.70694,5.762286357,79.95916124,0.331753887,718.7950023
44013.7066,5.772245558,79.82654638,0.340761287,720.2246306
44013.70625,5.76687264,79.91013335,0.33136298,722.0762156
44013.7059,5.775070917,79.98937056,0.334354246,723.2597893
44013.70556,5.765623364,79.34074919,0.336073623,724.8118056
44013.70521,5.76604179,79.4896726,0.332173548,726.5110686
44013.70486,5.790121125,79.67256379,0.336799471,728.1881677
44013.70451,5.762210296,79.85545499,0.331049866,729.9532143
44013.70417,5.77816151,79.99268171,0.326109725,731.8544583
44013.70382,5.756023346,79.97337628,0.335955533,733.5708415
44013.70347,5.743074682,79.97569616,0.330510306,735.4669647
44013.70313,5.756462834,79.98400896,0.336037728,737.1014876
44013.70278,5.773997319,79.99232175,0.332356501,738.9753798
44013.70243,5.749846757,79.99260337,0.323622099,740.9595901
44013.70208,5.748340449,79.93590746,0.337648597,742.8961285
44013.70174,5.751713745,79.96810937,0.33917121,745.0192273
44013.70139,5.773125676,79.99435911,0.33750902,747.1561003
44013.70104,5.751646469,78.86564462,0.332600884,749.0112122
44013.70069,5.781984384,78.99249966,0.334221939,751.2904277
44013.70035,5.73406822,79.97784258,0.334812235,753.4341543
44013.7,5.737572909,79.82604233,0.336749684,755.8169831
44013.69965,5.74681764,79.94021276,0.3341597,758.1466696
44013.69931,5.72943041,79.90702819,0.336313237,760.3700812
44013.69896,5.760971028,79.49766919,0.335751734,762.8442606
44013.69861,5.746144584,79.68438613,0.333872308,765.5219414
44013.69826,5.764333874,79.87110307,0.335276383,768.0333875
44013.69792,5.733187687,79.44594698,0.332347414,770.6230711
44013.69757,5.768773813,78.73420904,0.336299667,773.1483412
44013.69722,5.786833665,79.24249078,0.337800432,776.3159912
44013.69688,5.747574822,79.75077252,0.338243306,779.200691
44013.69653,5.752664028,79.87478069,0.329729459,781.5138965
44013.69618,5.753741844,79.75929591,0.333174229,784.866541
44013.69583,5.753932267,79.23532942,0.334435829,787.9004189
44013.69549,5.737695613,79.42690104,0.338182492,791.0102348
44013.69514,5.756452477,79.75938931,0.331279456,794.3916234
44013.69479,5.757593024,79.47763393,0.332405568,797.5255447
44013.69444,5.747053602,79.07306799,0.339207867,800.2066355
44013.6941,5.735797683,79.99906897,0.336101654,795.1822907
44013.69375,5.725988904,79.94518343,0.33249462,798.4468482
44013.6934,5.73792179,79.80518809,0.335123476,801.9771889
44013.69306,5.725336854,77.74642176,0.331195011,805.5996475
44013.69271,5.722847467,78.03946215,0.340220563,809.3832053
44013.69236,5.721266791,78.33250253,0.338789509,812.8290138
44013.69201,5.727532233,78.62554291,0.340776045,816.7991342
44013.69167,5.737833606,78.9185833,0.334867001,820.4907441
44013.69132,5.725865448,79.21162368,0.338449191,824.7744744
44013.69097,5.742143209,79.50466407,0.334638145,829.0428848
44013.69063,5.710739424,79.79770445,0.336016786,833.4482753
44013.69028,5.698564961,79.77675908,0.338924665,837.9645687
44013.68993,5.715443304,79.61347322,0.339845618,842.3211821
44013.68958,5.702717345,79.93819468,0.333377567,847.0204628
44013.68924,5.669954365,79.70921581,0.333249186,851.8841406
44013.68889,5.701614563,79.92839261,0.329597314,856.9035973
44013.68854,5.68777033,79.63809771,0.332470648,862.0794893
44013.68819,5.695949531,79.87828218,0.339089182,867.5805309
44013.68785,5.698564406,79.88501597,0.336545911,872.6310372
44013.6875,5.701888998,79.91926799,0.342588638,878.4679375
44013.68715,5.678285835,79.95352001,0.338126814,883.8912865
44013.68681,5.67666988,79.98777203,0.336660497,890.1792997
44013.68646,5.64109951,79.9228087,0.336142647,896.3385182
44013.68611,5.656285403,79.90975511,0.338242288,902.6689369
44013.68576,5.66343237,79.9386458,0.337420106,909.3847235
44013.68542,5.661037791,79.96753649,0.343051071,915.9630453
44013.68507,5.646763457,79.99642718,0.330317803,923.0125686
44013.68472,5.694690453,79.85657933,0.336899166,930.209621
44013.68438,5.686945919,79.8646035,0.337433415,937.2421963
44013.68403,5.697433709,79.72733343,0.340965121,944.5899778
44013.68368,5.654001028,79.85374352,0.345424657,951.771821
44013.68333,5.676313947,79.98015362,0.339658275,959.0521507
44013.68299,5.684150302,79.06943599,0.337520668,966.2392712
44013.68264,5.763200886,79.19416807,0.348555597,973.4803215
44013.68229,6.925402496,79.48296222,0.420385255,979.585615
44013.68194,8.600482245,79.77175636,0.538910597,985.3071193
44013.6816,10.20665559,79.74849836,0.652437347,990.6673493
44013.68125,11.88056073,79.74192319,0.780707461,1007.356444
44013.6809,13.44301193,79.00866217,0.890113885,1011.982995
44013.68056,14.10173696,79.07739212,0.922524823,1016.424294
44013.68021,14.04640798,79.14612207,0.923030424,1021.140219
44013.67986,14.09399616,79.21485201,0.925404819,1026.164966
44013.67951,14.08314306,79.28358196,0.925560582,1031.354385
44013.67917,14.09838288,79.3523119,0.93275433,1037.0064
44013.67882,14.03299061,79.42104185,0.92877013,1042.835045
44013.67847,14.13779926,79.48977179,0.931586638,1048.811263
44013.67813,14.03560521,79.55850174,0.92672891,1054.800854
44013.67778,14.08622288,79.62723168,0.931995726,1061.17883
44013.67743,14.15639548,79.69596163,0.932698978,1067.122897
44013.67708,14.10238302,79.76469158,0.926829158,1073.230993
44013.67674,14.03666859,79.83342152,0.935210806,1078.768065
44013.67639,14.84824139,79.90215147,0.989021466,1083.948927
44013.67604,16.47517426,79.97088141,1.100164301,1088.431241
44013.67569,18.08068215,78.69137273,1.211908602,1091.79209
44013.67535,19.64832795,78.23248114,1.338862774,1094.673264
44013.675,21.35183634,78.72025196,1.455666019,1096.4423
44013.67465,22.82271925,79.20802278,1.567984747,1097.64796
44013.67431,24.338499,79.6957936,1.685403983,1098.039458
44013.67396,25.01326715,79.69339694,1.731906471,1097.986804
44013.67361,24.97805654,79.91269628,1.721316553,1097.686786
44013.67326,24.95654463,79.62956205,1.71820683,1097.724254
44013.67292,24.96810101,79.68574614,1.723569117,1097.525849
44013.67257,24.98131723,79.79083605,1.729666162,1097.839487
44013.67222,24.9501811,79.89592596,1.716808727,1097.673423
44013.67188,25.01561577,79.9956735,1.723968604,1097.90922
44013.67153,25.04069047,79.0451196,1.727853537,1097.615653
44013.67118,25.04872305,79.67672117,1.727909044,1097.898833
44013.67083,24.94238257,79.56613977,1.721228279,1097.593588
44013.67049,25.01952676,79.77017121,1.725069898,1097.503799
44013.67014,25.06248534,79.23049945,1.727914359,1097.800635
44013.66979,25.04619473,79.40186769,1.716465788,1097.844507
44013.66944,25.16307315,79.57323594,1.726547977,1097.763076
44013.6691,25.0432964,79.74460419,1.719904998,1097.81926
44013.66875,24.99506135,79.91597244,1.718075654,1098.029332
44013.6684,25.0831771,79.30385612,1.723960651,1097.575079
44013.66806,25.12055614,78.81891686,1.728482259,1097.683523
44013.66771,24.97706128,78.99813133,1.732228604,1097.903813
44013.66736,25.05477944,79.17734581,1.728783439,1097.644515
44013.66701,25.09695698,79.35656029,1.721639121,1097.746279
44013.66667,25.08218548,79.53577477,1.734824159,1097.798797
44013.66632,25.09999205,79.71498924,1.731960757,1097.934422
44013.66597,25.07451911,79.89420372,1.716721738,1097.751415
44013.66563,24.99460391,79.87463358,1.72150583,1097.82428
44013.66528,25.03910645,79.77177146,1.736429662,1097.860011
44013.66493,24.94470655,79.84725218,1.724576996,1098.000606
44013.66458,25.01836429,79.9227329,1.719306529,1097.798776
44013.66424,25.0917616,79.99821362,1.722201995,1097.968415
44013.66389,25.03771415,78.45076659,1.720892153,1097.556443
44013.66354,25.02462159,78.76249951,1.723949402,1097.70375
44013.66319,25.01155037,79.10089177,1.728014294,1097.7379
44013.66285,24.91784113,79.43928403,1.722994872,1097.895293
44013.6625,25.06946777,79.77767629,1.71890869,1097.924316
44013.66215,25.09474515,79.93342453,1.724525381,1097.646378
44013.66181,24.97282307,79.05250845,1.717563924,1097.592042
44013.66146,25.08510843,79.82784538,1.71972683,1097.803796
44013.66111,25.10681315,79.42566808,1.712333619,1097.715826
44013.66076,25.07326915,79.79435902,1.729221205,1097.898686
44013.66042,25.03366781,78.57176916,1.719650623,1097.746158
44013.66007,25.00178077,77.01126639,1.729439129,1097.822689
44013.65972,25.14880134,77.49407296,1.727833753,1097.77503
44013.65938,25.15606767,77.97687953,1.722193187,1098.044569
44013.65903,25.09167532,78.4596861,1.726647293,1097.885167
44013.65868,24.99187413,78.94249268,1.722949353,1097.953042
44013.65833,24.97978018,79.42529925,1.7133974,1097.953079
44013.65799,25.20629737,79.90810582,1.72705571,1097.725804
44013.65764,25.07497539,79.80332483,1.73158083,1097.913913
44013.65729,25.1328739,79.74328176,1.724760147,1097.761238
44013.65694,24.96868772,79.85219913,1.721022027,1097.502254
44013.6566,25.10151487,79.9611165,1.719173814,1097.924316
44013.65625,25.01702422,79.94981963,1.729553814,1097.932836
44013.6559,25.01404719,79.9047122,1.731932983,1098.066911
44013.65556,25.12569208,79.82402224,1.721914595,1097.969997
44013.65521,25.13072606,79.99439273,1.727197184,1097.575079
44013.65486,24.94497039,77.84715906,1.721533089,1097.683523
44013.65451,24.96226848,78.39563343,1.721519129,1097.746399
44013.65417,25.13070917,78.97755819,1.73045523,1097.804064
44013.65382,25.0591235,79.55948295,1.721626765,1097.651373
44013.65347,25.02194024,79.96982663,1.727440716,1097.692079
44013.65313,25.02808534,79.94736312,1.723979159,1097.871662
44013.65278,25.10442384,79.86880006,1.723236264,1097.800635
44013.65243,24.99659224,79.97473659,1.722156354,1097.876657
44013.65208,25.08547402,79.97140369,1.726818527,1097.829406
44013.65174,25.14161007,79.8336592,1.72517151,1097.773464
44013.65139,25.02889578,79.84243681,1.725816451,1097.870092
44013.65104,25.03902761,79.78479147,1.718662573,1097.914211
44013.65069,25.09294196,79.91696456,1.721268356,1097.946361
44013.65035,25.16177449,79.68801983,1.726262673,1098.019252
44013.65,25.08935078,79.38342878,1.724639235,1097.647944
44013.64965,25.12041148,79.52073957,1.725130037,1098.008849
44013.64931,25.09337809,79.65805036,1.720406382,1097.561564
44013.64896,25.06893745,79.79536115,1.733640455,1097.77348
44013.64861,25.07094297,79.93267194,1.72708026,1097.882045
44013.64826,25.1708891,79.48965091,1.724858557,1097.917619
44013.64792,25.03754851,79.78676491,1.726032324,1097.658061
44013.64757,24.99011701,79.84969542,1.725995026,1098.004156
44013.64722,25.19347206,79.60456928,1.718166907,1098.148312
44013.64688,24.96332256,79.73534783,1.730390907,1098.27866
44013.64653,24.96365021,79.86612637,1.732894717,1097.949799
44013.64618,25.02622857,79.99690491,1.714448784,1098.065043
44013.64583,25.04961607,79.84434316,1.726371388,1098.161549
44013.64549,25.03504562,79.85915235,1.724195173,1097.980541
44013.64514,24.92920886,79.87715512,1.718101384,1097.831265
44013.64479,25.12012455,79.89515788,1.719006976,1097.880086
44013.64444,25.03766961,79.91316065,1.732670818,1097.826275
44013.6441,25.06535145,79.93116342,1.726148189,1097.917624
44013.64375,24.96665059,79.94916619,1.717768684,1098.226283
44013.6434,25.01078244,79.96716895,1.726695759,1098.295608
44013.64306,25.01760576,79.98517172,1.723828743,1098.139495
44013.64271,24.99809931,79.9724995,1.7160604,1098.119429
44013.64236,25.05212461,79.33664012,1.727382963,1098.439784
44013.64201,25.15289495,79.38604243,1.717726989,1098.187154
44013.64167,25.03849913,79.5133227,1.721261905,1098.136347
44013.64132,24.9277676,79.64060296,1.723657281,1098.017681
44013.64097,25.16749564,79.76788322,1.72315976,1098.202648
44013.64063,25.07927038,79.89516349,1.726523166,1098.144771
44013.64028,25.13131809,79.93550846,1.717919577,1098.48915
44013.63993,25.01914068,79.6825191,1.729303085,1098.334748
44013.63958,25.02702363,79.72950458,1.727054921,1097.926155
44013.63924,25.10599696,79.77649007,1.723112902,1098.049993
44013.63889,25.1013416,79.82347555,1.715349703,1098.307573
44013.63854,25.15484517,79.87046103,1.724246911,1098.44844
44013.63819,25.15211957,79.91744651,1.724193684,1098.484014
44013.63785,24.9554878,79.96443199,1.715908222,1098.870513
44013.6375,25.00434015,79.96791862,1.724884542,1098.829823
44013.63715,25.05581293,79.89485985,1.727934269,1098.697652
44013.63681,24.97956307,79.92099028,1.725203297,1098.628175
44013.63646,25.12575579,79.94712071,1.726261525,1098.714666
44013.63611,25.06629033,79.97325115,1.716955153,1098.74019
44013.63576,24.98819832,79.99938158,1.722646354,1098.746857
44013.63542,25.0697872,79.37717626,1.726391363,1098.992629
44013.63507,25.07867576,79.20983196,1.719481645,1098.611084
44013.63472,25.05181196,79.6726234,1.71735462,1098.511216
44013.63438,25.14062185,79.80124825,1.730034351,1098.56385
44013.63403,25.08445759,79.94582906,1.730512397,1098.597595
44013.63368,25.05275343,79.9993428,1.7184186,1098.809617
44013.63333,25.16370096,79.93746451,1.727238527,1098.867382
44013.63299,24.90268876,79.78001997,1.727873561,1098.69945
44013.63264,25.1140327,79.54971486,1.729299121,1098.746862
44013.63229,24.94364,79.53409144,1.723283924,1098.782461
44013.63194,25.11748304,79.8398726,1.720628181,1098.902684
44013.6316,25.11968087,79.92088287,1.720325405,1099.228427
44013.63125,24.9742754,78.50913154,1.717297689,1099.399627
44013.6309,25.09608999,79.02675444,1.722689337,1099.733744
44013.63056,25.099375,79.53268697,1.722530786,1099.504945
44013.63021,25.11160834,79.96219922,1.727946639,1099.610092
44013.62986,25.12645815,79.77576953,1.723202402,1099.757364
44013.62951,25.03185783,78.8376331,1.728132324,1099.945771
44013.62917,24.93855886,78.80980666,1.725972487,1099.535539
44013.62882,24.96262204,79.32201151,1.730770207,1099.928721
44013.62847,25.0397172,79.83421636,1.723064314,1100.157802
44013.62813,25.00667018,79.76307362,1.725621905,1100.530655
44013.62778,24.93199393,79.981659,1.729915714,1100.476439
44013.62743,24.99637933,79.73352379,1.725487823,1100.798885
44013.62708,25.07535928,79.76202636,1.722861246,1100.702277
44013.62674,25.01075583,79.91166394,1.728313382,1100.803864
44013.62639,24.99813578,79.23763048,1.728252275,1100.983306
44013.62604,25.08670704,79.34710516,1.719276736,1101.003947
44013.62569,25.16547122,79.56151342,1.724711828,1101.144678
44013.62535,25.04476396,79.18369028,1.729549288,1101.511006
44013.625,24.98546023,79.93728825,1.720882833,1102.106273
44013.62465,25.04448206,79.95647015,1.722020065,1101.71278
44013.62431,25.05407305,79.74791796,1.725749052,1102.272317
44013.62396,24.9955249,79.5526989,1.716637583,1102.564067
44013.62361,25.03146312,79.78216381,1.722115328,1102.572627
44013.62326,24.99801839,79.93504265,1.715909215,1102.949036
44013.62292,25.07824048,79.58443269,1.719966309,1103.552565
44013.62257,25.00595606,79.66139501,1.73528188,1103.613886
44013.62222,25.10880349,79.76029628,1.725246732,1103.981638
44013.62188,24.92588477,79.85919756,1.732202751,1104.022736
44013.62153,25.0787627,79.95809883,1.718814644,1105.207736
44013.62118,25.06388186,79.86230572,1.718105357,1105.317894
44013.62083,24.97123935,79.71879007,1.711753578,1105.826801
44013.62049,25.11037486,79.55426977,1.732306308,1106.020212
44013.62014,25.0459284,79.49867138,1.72997984,1106.473309
44013.61979,24.96888821,79.98840953,1.736369385,1106.993755
44013.61944,24.98892797,79.33494364,1.731919256,1107.529657
44013.6191,24.979115,79.95842978,1.721783179,1108.28774
44013.61875,24.96227226,79.93877371,1.730919983,1108.774165
44013.6184,24.90310032,79.96403555,1.720180037,1109.313516
44013.61806,25.03267653,79.9892974,1.716930233,1110.258142
44013.61771,25.01448147,79.25908159,1.720915808,1110.958384
44013.61736,25.15095111,79.54919318,1.726256687,1112.12689
44013.61701,25.14011689,79.87660163,1.724047269,1113.195051
44013.61667,25.05520525,79.8487697,1.729074025,1114.137814
44013.61632,25.12688531,79.72640629,1.724407957,1114.823198
44013.61597,25.00951096,79.76792068,1.723924721,1115.864598
44013.61563,24.93690078,79.80943508,1.721671803,1117.224802
44013.61528,25.06918604,79.85094948,1.727585845,1118.600066
44013.61493,25.20165682,79.89246387,1.727161555,1119.819096
44013.61458,25.00593562,79.93397827,1.719366036,1120.847112
44013.61424,25.01256995,79.97549267,1.714934632,1122.569699
44013.61389,25.04976496,79.58253479,1.733789369,1124.084563
44013.61354,25.05739861,79.14624425,1.722335255,1126.046601
44013.61319,24.95687522,79.30661413,1.72602792,1127.896335
44013.61285,25.0724735,79.466984,1.722857013,1129.509109
44013.6125,25.05164895,79.62735387,1.733451648,1131.049291
44013.61215,25.05244784,79.78772374,1.728685912,1133.269119
44013.61181,25.10827046,79.94809362,1.733825445,1134.907099
44013.61146,25.78717803,79.80332279,1.777924165,1136.119725
44013.61111,27.35868126,79.90902222,1.890425875,1136.887741
44013.61076,27.79166632,79.74847578,1.92013657,1136.628464
44013.61042,27.69920902,79.74782464,1.927149333,1136.73193
44013.61007,27.78895044,79.89823074,1.926315503,1136.884348
44013.60972,27.74647532,79.67501459,1.924962227,1136.599456
44013.60938,27.74900717,79.92053366,1.917054991,1136.762237
44013.60903,27.73348717,79.88977103,1.920859923,1136.752157
44013.60868,27.64133443,79.85870092,1.91873018,1136.785873
44013.60833,27.68752168,79.8797161,1.910103937,1136.740188
44013.60799,27.69309599,79.90073128,1.914276179,1136.465663
44013.60764,27.70404665,79.92174647,1.920006704,1136.609839
44013.60729,27.73367407,79.94276165,1.921137685,1136.536994
44013.60694,27.78060603,79.96377683,1.922428088,1136.77262
44013.6066,27.66456555,79.98479201,1.922910465,1136.664064
44013.60625,27.83080933,79.92797411,1.916614112,1136.577648
44013.6059,27.62191467,79.89536543,1.92240648,1136.53157
44013.60556,27.65123602,79.82727806,1.929958637,1136.706447
44013.60521,27.77692917,79.44229242,1.927924571,1136.782726
44013.60486,27.68676773,79.7699667,1.930987684,1136.879206
44013.60451,27.83728121,79.92481655,1.915195752,1136.547075
44013.60417,27.76162628,79.836967,1.927017005,1136.528398
44013.60382,27.73115686,79.89148701,1.923680957,1136.619924
44013.60347,27.73689247,79.94600702,1.917250888,1136.862283
44013.60313,27.7458956,79.99906897,1.936508689,1136.724976
44013.60278,27.66421612,79.69404855,1.927094249,1136.43509
44013.60243,27.7066818,79.7221303,1.922859044,1136.506373
44013.60208,27.75089937,79.74957784,1.91106554,1136.569149
44013.60174,27.71355729,79.77702537,1.932850667,1136.685852
44013.60139,27.74929576,79.80447291,1.924799272,1136.45528
44013.60104,27.74550347,79.83192044,1.930201803,1136.731653
44013.60069,27.75258376,79.85936798,1.914270644,1136.60643
44013.60035,27.72573061,79.88681551,1.925898608,1136.694371
44013.6,27.86432595,79.91426305,1.926968275,1136.790979
44013.59965,27.691847,79.94171058,1.920585833,1136.657226
44013.59931,27.69617812,79.96915812,1.914039704,1136.6521
44013.59896,27.78374072,79.99660565,1.925500086,1136.650549
44013.59861,27.6494032,79.48519644,1.926314876,1136.506384
44013.59826,27.71412736,79.65943537,1.925373004,1136.501263
44013.59792,27.63827297,79.89865192,1.926144376,1136.611389
44013.59757,27.77442174,79.68557328,1.920957091,1136.701023
44013.59722,27.5972008,79.53612365,1.921593293,1136.762237
44013.59688,27.7268604,79.61532399,1.928291018,1136.670736
44013.59653,27.75733524,79.69452432,1.933031302,1136.426534
44013.59618,27.71587666,79.77372465,1.920056187,1136.638601
44013.59583,27.61878015,79.85292498,1.927020354,1136.521469
44013.59549,27.68934068,79.93212532,1.922371221,1136.543655
44013.59514,27.75453524,79.86722244,1.919639545,1136.623071
44013.59479,27.76957082,79.42210657,1.927809373,1136.548645
44013.59444,27.80193174,79.76398791,1.923550399,1136.830128
44013.5941,27.78745712,79.70993441,1.921957823,1136.672297
44013.59375,27.76386589,79.55708214,1.928266036,1136.694351
44013.5934,27.79596308,79.99702962,1.920557457,1136.678978
44013.59306,27.62049457,79.96768404,1.925236618,1136.411454
44013.59271,27.83577329,79.97415975,1.915934217,1136.726526
44013.59236,27.8983003,79.98063546,1.918633444,1136.560312
44013.59201,27.70768156,79.98711117,1.925930774,1136.682387
44013.59167,27.55148212,79.99358689,1.926776626,1136.665459
44013.59132,27.82238674,79.99819272,1.929401673,1136.580779
44013.59097,27.55817876,79.40983828,1.924051685,1136.862279
44013.59063,27.63316334,79.269004,1.925467335,1136.530009
44013.59028,27.71418924,79.47451314,1.922323423,1136.577387
44013.58993,27.750274,79.68002227,1.926664412,1136.750575
44013.58958,27.81995279,79.88553141,1.930731758,1136.847067
44013.58924,27.66478647,79.74216837,1.920062349,1136.963886
44013.58889,27.71920486,79.67068482,1.921888723,1136.665766
44013.58854,27.67124889,78.89435812,1.918450774,1136.979263
44013.58819,27.66101699,79.63623368,1.924947746,1136.663762
44013.58785,27.65078283,79.87800049,1.925006297,1136.840229
44013.5875,27.660551,79.76448132,1.920747518,1137.06579
44013.58715,27.81876994,79.84718792,1.924218238,1137.066051
44013.58681,27.67415731,79.92802661,1.916586908,1136.886212
44013.58646,27.62806619,79.87527082,1.925811099,1136.89471
44013.58611,27.65385919,79.60734108,1.922993529,1137.077718
44013.58576,27.81759685,78.6310584,1.908283693,1137.179325
44013.58542,27.71440287,78.839834,1.924508063,1137.147472
44013.58507,27.61330292,79.0486096,1.919844571,1137.350682
44013.58472,27.78324877,79.2573852,1.914949146,1137.203258
44013.58438,27.71053337,79.4661608,1.93399236,1137.523593
44013.58403,27.64798316,79.67493639,1.921360127,1137.715408
44013.58368,27.72514721,79.88371199,1.918067066,1137.47309
44013.58333,27.70339983,79.88369434,1.920615825,1137.576525
44013.58299,27.81830271,79.87360471,1.92382322,1137.535834
44013.58264,27.72805257,79.96557174,1.91891659,1137.542395
44013.58229,27.65489124,79.3487838,1.920706028,1137.574681
44013.58194,27.68810446,79.49711335,1.925966411,1137.454152
44013.5816,27.81247296,79.64544291,1.913174462,1137.527013
44013.58125,27.74158935,79.79377247,1.930275031,1137.450728
44013.5809,27.74809085,79.94210203,1.927521901,1137.86116
44013.58056,27.65758383,79.74081147,1.916373965,1137.968154
44013.58021,27.66004767,79.75624848,1.919693688,1137.812202
44013.57986,27.76141059,79.92746238,1.927888739,1137.922354
44013.57951,27.60953853,79.47160813,1.918690571,1138.185175
44013.57917,27.66679244,79.32227136,1.922227404,1138.487178
44013.57882,27.688565,79.55407913,1.925407718,1138.849915
44013.57847,27.73929173,79.78588689,1.918398751,1138.441362
44013.57813,27.79788621,79.87972049,1.923897066,1138.65652
44013.57778,27.75940982,79.41091765,1.920040367,1138.602304
44013.57743,27.59208524,78.81531827,1.933746162,1138.836396
44013.57708,27.74646033,78.96235584,1.926292524,1138.807613
44013.57674,27.71643499,79.10939342,1.921291751,1139.194153
44013.57639,27.75448236,79.25643099,1.923663619,1139.565556
44013.57604,27.78744758,79.40346856,1.920464465,1139.682556
44013.57569,27.78912703,79.55050614,1.923907021,1139.857024
44013.57535,27.83091149,79.69754371,1.910731641,1139.986093
44013.575,27.76435955,79.84458129,1.917034193,1140.521895
44013.57465,27.70750819,79.99161886,1.928401119,1140.577962
44013.57431,27.70158531,79.91496069,1.925540198,1140.654393
44013.57396,27.85464902,79.70023341,1.919869431,1141.419164
44013.57361,27.87315983,79.98260973,1.917986728,1141.648113
44013.57326,27.62768061,79.86865639,1.925639947,1141.55134
44013.57292,27.79583571,79.03849419,1.923746406,1142.42309
44013.57257,27.67389186,79.78365498,1.935385848,1142.492663
44013.57222,27.63731205,79.31142047,1.921765845,1143.238646
44013.57188,27.71539885,79.71048748,1.92218499,1143.477711
44013.57153,27.75235571,79.32157692,1.929907346,1144.14074
44013.57118,27.79325982,79.5706614,1.921956,1144.615758
44013.57083,27.65794774,79.81974587,1.924317738,1145.302673
44013.57049,27.8002223,79.91201668,1.910521837,1146.024921
44013.57014,27.73918814,79.88200191,1.918532288,1147.02564
44013.56979,27.61202512,79.86573048,1.914218304,1147.831106
44013.56944,27.7366661,79.96004295,1.926716602,1148.251441
44013.5691,27.6458028,79.15984181,1.91560296,1149.248768
44013.56875,27.59840823,78.87231738,1.931599622,1150.088236
44013.5684,27.68230191,79.19234839,1.93602674,1151.091921
44013.56806,27.69100479,79.51237941,1.922736928,1152.260291
44013.56771,27.69653738,79.83241042,1.920621275,1153.264519
44013.56736,27.74670771,79.65136711,1.927933704,1154.824655
44013.56701,27.75599356,79.39203911,1.920356472,1156.310035
44013.56667,27.82720506,79.51226076,1.931623024,1158.026135
44013.56632,27.64268551,79.63248241,1.9189781,1159.691754
44013.56597,27.67466681,79.75270406,1.933845303,1160.992436
44013.56563,27.67059611,79.87292571,1.938653256,1163.36138
44013.56528,27.74453937,79.99314737,1.910989562,1165.527327
44013.56493,27.70537704,79.6656266,1.926745625,1167.725005
44013.56458,27.831252,79.7108968,1.928189154,1169.763151
44013.56424,29.12565697,79.77433837,2.035080079,1170.45348
44013.56389,30.29734029,79.83777993,2.121453125,1171.221669
44013.56354,30.5608383,79.90122149,2.127808826,1171.026586
44013.56319,30.35929393,79.96466305,2.126385284,1171.021606
44013.56285,30.36781035,79.82797475,2.134850824,1171.163904
44013.5625,30.43621778,79.62807084,2.128963865,1171.087907
44013.56215,30.47920003,79.29756855,2.122425299,1171.075831
44013.56181,30.47084475,79.49691528,2.132851532,1170.87232
44013.56146,30.41293042,79.69626202,2.128771207,1171.230188
44013.56111,30.32960691,79.89560876,2.134837901,1171.123491
44013.56076,30.52743708,79.56306161,2.126755734,1171.006072
44013.56042,30.36686333,79.18273265,2.126507423,1170.78749
44013.56007,30.38307036,79.27975303,2.116028786,1171.040231
44013.55972,30.53151351,79.37677341,2.123612926,1171.030121
44013.55938,30.4864198,79.47379379,2.128904966,1171.011485
44013.55903,30.52750532,79.57081417,2.130082462,1171.285994
44013.55868,30.44027755,79.66783455,2.124872847,1170.951857
44013.55833,30.55264354,79.76485494,2.126833295,1171.019739
44013.55799,30.37257123,79.86187532,2.123541801,1171.121632
44013.55764,30.36506024,79.9588957,2.126371551,1171.021606
44013.55729,30.3441787,79.86757022,2.131006628,1170.99286
44013.55694,30.53002424,79.85837509,2.132160104,1170.919959
44013.5566,30.35502386,79.94384577,2.12621222,1171.075811
44013.55625,30.48771434,79.99783865,2.121809869,1171.158913
44013.5559,30.41754962,77.1336127,2.129829797,1171.287832
44013.55556,30.57758463,77.65571147,2.118395743,1171.326684
44013.55521,30.42830654,78.22884044,2.128573615,1170.999541
44013.55486,30.54598468,78.80196941,2.125260069,1171.145258
44013.55451,30.49623866,79.37509838,2.123967513,1170.804862
44013.55417,30.53977468,79.94822735,2.11894298,1171.226945
44013.55382,30.38857883,79.33481478,2.125532074,1170.838599
44013.55347,30.52469992,79.19138739,2.128696205,1170.991274
44013.55313,30.49505575,79.77837676,2.129709397,1171.0014
44013.55278,30.51851596,79.64457224,2.127980036,1170.943615
44013.55243,30.38305339,79.84100555,2.126090761,1170.990976
44013.55208,30.34260971,79.56246235,2.121010155,1171.14185
44013.55174,30.35192211,79.77177713,2.132005366,1171.211568
44013.55139,30.38724505,79.9810919,2.125944961,1171.219951
44013.55104,30.43404283,79.99779732,2.129275416,1170.897925
44013.55069,30.49449744,79.76444009,2.114698208,1170.92157
44013.55035,30.46675494,79.99473335,2.126409584,1170.967361
44013.55,30.59387095,79.99048998,2.125248026,1171.063858
44013.54965,30.5396409,79.7433225,2.1355958,1171.00295
44013.54931,30.40663253,79.79488222,2.11999899,1170.848679
44013.54896,30.50295067,79.98300614,2.12595352,1171.009638
44013.54861,30.48884891,77.6178356,2.132417269,1171.236749
44013.54826,30.40962132,78.71768689,2.127741587,1171.087907
44013.54792,30.46972046,79.9993428,2.117609069,1171.05715
44013.54757,30.4831623,79.88318013,2.133724333,1171.242173
44013.54722,30.55211066,79.98963043,2.121408587,1171.118083
44013.54688,30.44934926,79.90214968,2.127828405,1171.131712
44013.54653,30.47013007,79.93944494,2.131310104,1171.194488
44013.54618,30.52666004,79.97674019,2.12240663,1171.120082
44013.54583,30.47566162,79.36285339,2.13509306,1171.123491
44013.54549,30.4903472,78.97261034,2.124129002,1170.982755
44013.54514,30.3941273,79.61863192,2.129498363,1171.175832
44013.54479,30.39226888,79.91746771,2.123828633,1170.947155
44013.54444,30.42438379,79.91896291,2.117486972,1171.135178
44013.5441,30.46658476,79.75806449,2.123591432,1170.977744
44013.54375,30.45334084,79.50301074,2.125372969,1171.026565
44013.5434,30.31357795,79.70528557,2.128354931,1170.980896
44013.54306,30.3947023,79.9075604,2.127316563,1171.053757
44013.54271,30.33020342,79.68473195,2.127071795,1170.928221
44013.54236,30.56705161,79.59966015,2.121528565,1170.79448
44013.54201,30.48860589,79.7744556,2.120380268,1170.95217
44013.54167,30.41372064,79.94925105,2.121331656,1171.213133
44013.54132,30.3923765,79.894591,2.122466174,1171.199463
44013.54097,30.34627619,79.88009178,2.129109836,1170.987573
44013.54063,30.33047529,79.30051424,2.122558884,1171.235203
44013.54028,30.40478103,79.12339072,2.124817855,1171.145247
44013.53993,30.25796328,79.25845455,2.123783731,1170.989431
44013.53958,30.4865088,79.39351838,2.129711573,1171.072402
44013.53924,30.37340733,79.52858221,2.124236264,1171.099558
44013.53889,30.52888413,79.66364604,2.125699278,1171.047089
44013.53854,30.48550824,79.79870987,2.13211923,1170.960412
44013.53819,30.35889984,79.9337737,2.129129303,1170.960412
44013.53785,30.37850368,79.90966688,2.12456538,1171.057297
44013.5375,30.34562981,79.86472796,2.129661335,1171.064164
44013.53715,30.46388346,79.9054276,2.125070911,1171.074261
44013.53681,30.50824738,79.94612724,2.124045543,1171.089477
44013.53646,30.5224695,79.98682688,2.12086924,1171.08778
44013.53611,30.4038836,79.28756785,2.128997334,1170.938338
44013.53576,30.53154058,79.18006778,2.126279662,1171.51156
44013.53542,30.54065619,79.40633921,2.128676802,1171.592811
44013.53507,30.35956455,79.63261063,2.125449816,1172.006912
44013.53472,30.45116449,79.85888205,2.128305815,1172.198339
44013.53438,30.35032292,79.92980976,2.12618643,1171.918987
44013.53403,30.28958017,79.90704941,2.123680997,1171.9103
44013.53368,30.41587904,79.99785103,2.13151779,1172.151113
44013.53333,30.4409783,79.93001588,2.132104797,1172.040653
44013.53299,30.50349646,79.72269996,2.132161403,1172.147659
44013.53264,30.57899911,79.57286368,2.125528601,1172.161214
44013.53229,30.39679375,79.62522807,2.119540492,1172.230923
44013.53194,30.4907835,79.67759246,2.124370771,1172.232473
44013.5316,30.34385447,79.72995685,2.120794689,1172.081641
44013.53125,30.34976271,79.78232124,2.121922336,1172.349605
44013.5309,30.44386847,79.83468562,2.122146343,1173.298918
44013.53056,30.40565788,79.88705001,2.126476992,1173.202326
44013.53021,30.40760467,79.9394144,2.126300494,1173.197327
44013.52986,30.47912271,79.99177879,2.134070117,1173.18723
44013.52951,30.44356582,79.4528324,2.121690127,1173.497748
44013.52917,30.38366754,79.68215296,2.120985412,1174.157047
44013.52882,30.50749742,79.99693311,2.132564557,1174.131841
44013.52847,30.48302871,79.02562496,2.125410928,1174.143785
44013.52813,30.56661129,79.01813593,2.119029532,1174.967604
44013.52778,30.41837093,79.25060315,2.127139084,1175.120295
44013.52743,30.48598157,79.48307038,2.120104512,1175.552615
44013.52708,30.39214436,79.7155376,2.121543576,1176.253215
44013.52674,30.4063548,79.94800483,2.130159003,1176.439778
44013.52639,30.51105163,79.4236676,2.131322452,1176.911091
44013.52604,30.52296947,79.79625407,2.124505957,1177.143662
44013.52569,30.58295372,79.93355671,2.126726279,1178.154321
44013.52535,30.47870984,79.98057975,2.126391839,1178.595317
44013.525,30.54872764,79.99560266,2.145079042,1179.358395
44013.52465,31.16661123,79.99007974,2.173679174,1179.466699
44013.52431,31.18024995,79.72134304,2.168270577,1179.305736
44013.52396,31.24020265,79.72323035,2.170347392,1179.405782
44013.52361,31.18153304,79.73160285,2.174234904,1179.36351
44013.52326,31.21055059,79.73997534,2.17038407,1179.626369
44013.52292,31.17615525,79.74834784,2.180702804,1179.592219
44013.52257,31.33475109,79.75672034,2.179980216,1179.20924
44013.52222,31.28305174,79.76509284,2.169872666,1179.685584
44013.52188,31.27025484,79.77346533,2.170041462,1179.324361
44013.52153,31.23845852,79.78183783,2.180778457,1179.537999
44013.52118,31.31453073,79.79021033,2.171588268,1179.412479
44013.52083,31.30333437,79.79858283,2.174632997,1179.500717
44013.52049,31.3304365,79.80695532,2.181611204,1179.310872
44013.52014,31.24371244,79.81532782,2.178897176,1179.444931
44013.51979,31.2126031,79.82370032,2.1814289,1179.304195
44013.51944,31.19679124,79.83207282,2.186266011,1179.256788
44013.5191,31.31159653,79.84044531,2.170067105,1179.404212
44013.51875,31.23139601,79.84881781,2.176630713,1179.580531
44013.5184,31.171446,79.85719031,2.173848607,1179.20072
44013.51806,31.27165813,79.86556281,2.178313464,1179.575103
44013.51771,31.24117759,79.8739353,2.176133033,1179.481915
44013.51736,31.35515145,79.8823078,2.172483699,1179.537994
44013.51701,31.28886978,79.8906803,2.17207913,1179.50741
44013.51667,31.27854732,79.8990528,2.177996432,1179.534862
44013.51632,31.1450076,79.90742529,2.175304258,1179.45685
44013.51597,31.19126632,79.91579779,2.172871593,1179.294069
44013.51563,31.26143937,79.92417029,2.165439976,1179.527893
44013.51528,31.35521736,79.93254279,2.17480534,1179.37547
44013.51493,31.11468132,79.94091528,2.179871252,1179.551508
44013.51458,31.20993092,79.94928778,2.171461458,1179.488744
44013.51424,31.2969009,79.95766028,2.167494799,1179.639586
44013.51389,31.29592305,79.96603278,2.177569183,1179.495702
44013.51354,31.27231417,79.97440527,2.17071483,1179.465108
44013.51319,31.29582046,79.98277777,2.177548608,1179.387146
44013.51285,31.31560892,79.99115027,2.169434685,1179.372061
44013.5125,31.22024504,79.99952277,2.177896186,1179.583699
44013.51215,31.35014097,79.75064992,2.17779536,1179.365092
44013.51181,31.19446309,79.92067508,2.17262015,1179.260036
44013.51146,31.2291993,79.70067359,2.176561283,1179.215805
44013.51111,31.33550775,79.74071062,2.184125657,1179.415888
44013.51076,31.18318155,79.8476929,2.175008975,1179.292211
44013.51042,31.27374544,79.95467518,2.176221567,1179.414317
44013.51007,31.18731395,79.90782411,2.174956326,1179.212674
44013.50972,31.25749192,79.98482981,2.175493036,1179.388707
44013.50938,31.1756326,79.70362817,2.176253467,1179.415908
44013.50903,31.23290406,79.92897085,2.174842315,1179.537999
44013.50868,31.31813974,79.97349019,2.170616134,1179.455012
44013.50833,31.33010615,79.90939891,2.184817932,1179.636469
44013.50799,31.27527625,79.77035529,2.173136658,1179.517787
44013.50764,31.18559695,79.80384584,2.184185882,1179.439795
44013.50729,31.24386546,79.83733639,2.171386231,1179.25649
44013.50694,31.22508541,79.87082695,2.176699486,1179.278692
44013.5066,31.38068736,79.9043175,2.174646988,1179.419317
44013.50625,31.37621991,79.93780805,2.167088714,1179.383717
44013.5059,31.17616566,79.9712986,2.167609663,1179.58881
44013.50556,31.22538333,79.97194335,2.17093163,1179.629521
44013.50521,31.27982091,79.86012055,2.17461519,1179.546529
44013.50486,31.05535779,79.4213312,2.175274292,1179.485621
44013.50451,31.29537904,79.67574877,2.173794424,1179.482072
44013.50417,31.34057736,79.76638715,2.171129694,1179.332921
44013.50382,31.2142461,79.17084168,2.173325397,1179.487203
44013.50347,31.10763177,79.95528664,2.17196847,1179.597325
44013.50313,31.16294153,79.7722621,2.174526925,1179.394095
44013.50278,31.34362021,79.95698728,2.175655194,1179.632929
44013.50243,31.15832544,79.9295651,2.174547049,1179.465108
44013.50208,31.29527748,79.87797769,2.172347481,1179.610864
44013.50174,31.20105272,79.935436,2.176989629,1179.519353
44013.50139,31.3087363,79.99289432,2.18935368,1179.58879
44013.50104,31.23011882,79.42519248,2.172092166,1179.292211
44013.50069,31.20159617,79.45194481,2.175699707,1179.455007
44013.50035,31.33889454,78.3687783,2.175299541,1179.546538
44013.5,31.33741155,78.84523289,2.177046536,1179.478663
44013.49965,31.1164567,79.32168747,2.178659528,1179.387146
44013.49931,31.18295074,79.79814207,2.177484416,1179.427847
44013.49896,31.19339439,78.51188732,2.166136045,1179.497288
44013.49861,31.23039098,77.96274919,2.180900756,1179.598916
44013.49826,31.22593089,78.49094489,2.182581681,1179.533004
44013.49792,31.27775386,79.01914059,2.174934306,1179.41616
44013.49757,31.24271326,79.54733628,2.166191258,1179.490632
44013.49722,31.33191591,79.98367383,2.176199695,1179.446493
44013.49688,31.18788607,79.92301072,2.175473721,1179.519353
44013.49653,31.05858833,79.95926372,2.176731827,1179.332921
44013.49618,31.23993628,79.99551671,2.170389991,1179.234441
44013.49583,31.21482356,79.92110735,2.171993553,1179.2515
44013.49549,31.1819068,79.72259692,2.180811201,1179.626369
44013.49514,31.22261948,79.96235758,2.181085856,1179.329351
44013.49479,31.24179358,79.75061819,2.175416594,1179.365072
44013.49444,31.23712258,79.67378395,2.178778202,1179.376743
44013.4941,31.22336886,79.75909893,2.175745306,1179.409322
44013.49375,31.18865099,79.84441391,2.173717682,1179.663493
44013.4934,31.24493593,79.92972889,2.178503545,1179.678746
44013.49306,31.36457261,79.91373428,2.173256665,1179.617813
44013.49271,31.2725964,79.92647821,2.169218467,1180.124852
44013.49236,31.28758339,79.8960618,2.172210445,1180.243403
44013.49201,31.16973693,79.91323525,2.171572247,1180.238444
44013.49167,31.24311744,79.93987472,2.169357908,1180.39426
44013.49132,31.31222953,79.96651419,2.17556484,1180.423002
44013.49097,31.24530501,79.99315366,2.166655142,1180.304749
44013.49063,31.19834539,77.03355377,2.175920048,1180.619796
44013.49028,31.27885048,76.9184617,2.182734221,1180.770669
44013.48993,31.21540256,77.80133964,2.183101629,1181.097958
44013.48958,31.15087825,78.68421758,2.175246227,1181.532302
44013.48924,31.19926087,79.56709552,2.174991071,1181.298181
44013.48889,31.33882556,79.91655731,2.170757579,1181.550922
44013.48854,31.27892377,79.78309563,2.17788858,1181.621956
44013.48819,31.19100617,79.72314138,2.181865316,1182.169972
44013.48785,31.31637292,79.86468945,2.176677899,1182.332773
44013.4875,31.22457972,79.15118689,2.173593558,1182.780466
44013.48715,31.31846086,78.64006267,2.178925633,1182.916112
44013.48681,31.25312738,78.9363238,2.170694588,1183.126552
44013.48646,31.21902662,79.23258493,2.181178596,1183.536706
44013.48611,31.25690245,79.52884605,2.169870753,1184.142181
44013.48576,31.22922491,79.82510718,2.170689469,1184.69149
44013.48542,31.24173088,79.78262738,2.168529381,1185.415848
44013.48507,31.2739382,79.27546997,2.182073863,1186.214476
44013.48472,31.14893713,79.41071919,2.175499676,1186.474039
44013.48438,31.35545374,79.5459684,2.17768525,1187.557448
44013.48403,31.76714312,79.68121761,2.22140701,1187.231841
44013.48368,31.72121997,79.81646682,2.23246462,1187.094655
44013.48333,31.69625973,79.95171603,2.232556606,1187.177903
44013.48299,31.76043982,79.99165236,2.214803794,1187.41358
44013.48264,31.8403611,79.96279608,2.219647884,1187.303136
44013.48229,31.87488947,78.70449988,2.221129256,1187.350784
44013.48194,31.90581091,78.31372542,2.224975146,1187.343846
44013.4816,32.09127782,78.53588623,2.225035684,1187.330321
44013.48125,31.82950063,78.75804703,2.223234306,1187.291449
44013.4809,31.9593769,78.98020784,2.225437193,1187.150738
44013.48056,31.80956042,79.20236865,2.226407914,1187.362471
44013.48021,31.8085267,79.42452946,2.22337482,1187.303145
44013.47986,31.83831625,79.64669026,2.234468248,1187.448999
44013.47951,31.86670394,79.86885107,2.228034184,1187.291474
44013.47917,31.86601933,79.61984814,2.22661097,1187.545756
44013.47882,31.90491917,79.82253708,2.227836746,1187.3558
44013.47847,31.79192786,78.87247553,2.22242622,1187.342265
44013.47813,31.87547353,78.98312201,2.223676676,1187.352391
44013.47778,31.96931638,79.09376848,2.218870462,1187.303145
44013.47743,31.73905431,79.20441496,2.221382977,1187.428792
44013.47708,31.95507997,79.31506143,2.222475268,1187.525549
44013.47674,31.90807571,79.42570791,2.230723842,1187.569371
44013.47639,31.91989112,79.53635438,2.220617625,1187.393061
44013.47604,32.07265237,79.64700086,2.22233682,1187.408569
44013.47569,31.98191918,79.75764734,2.220701987,1187.316948
44013.47535,31.89130971,79.86829381,2.222083749,1187.188003
44013.475,31.81408178,79.97894029,2.223739807,1187.303136
44013.47465,31.77969076,79.01968126,2.22349473,1187.303145
44013.47431,31.83344172,78.18995535,2.22080193,1187.133794
44013.47396,31.8201842,78.55510456,2.234416683,1187.505066
44013.47361,31.86147736,78.92025378,2.217603224,1187.332164
44013.47326,31.83851086,79.28540299,2.226690249,1187.296448
44013.47292,31.73023341,79.6505522,2.229011376,1187.398182
44013.47257,31.72083622,79.93369897,2.235663174,1187.272833
44013.47222,31.88879745,79.13416244,2.228773989,1187.210068
44013.47188,31.8398395,79.80518095,2.227664081,1187.113179
44013.47153,31.99245679,79.95981976,2.219539599,1187.228416
44013.47118,31.7445494,79.92215993,2.225478231,1187.471048
44013.47083,31.68435239,79.90773467,2.230067134,1187.452725
44013.47049,31.91932697,79.9492271,2.230451394,1187.3558
44013.47014,31.89325476,79.99071953,2.230395003,1187.096502
44013.46979,31.91053355,79.52590372,2.224514181,1187.24381
44013.46944,31.87715377,79.52370929,2.224967103,1187.377976
44013.4691,31.91628557,79.65395012,2.222123273,1187.36588
44013.46875,31.78117358,79.78419095,2.231988267,1187.087983
44013.4684,31.87450786,79.91443177,2.234521165,1187.35934
44013.46806,31.85475889,79.9833566,2.226657644,1187.254193
44013.46771,31.87747892,79.76406235,2.232703029,1187.165954
44013.46736,31.82204552,79.87024389,2.231612727,1187.333729
44013.46701,31.87500124,79.8114431,2.22667012,1187.374436
44013.46667,31.83678319,79.99564066,2.228284857,1187.247355
44013.46632,31.67780296,79.85635782,2.222636928,1187.240678
44013.46597,31.78970771,79.86326129,2.216436297,1187.36588
44013.46563,31.69965304,79.87332276,2.235388657,1187.321761
44013.46528,31.99121621,79.88338422,2.215847551,1187.332164
44013.46493,31.71594649,79.89344569,2.221739906,1187.369446
44013.46458,31.81914423,79.90350716,2.22046125,1187.413585
44013.46424,31.87717347,79.91356863,2.222902138,1187.408458
44013.46389,31.96267864,79.9236301,2.229739444,1187.381128
44013.46354,31.70320089,79.93369157,2.228015729,1187.403182
44013.46319,31.83484613,79.94375304,2.224105402,1187.44072
44013.46285,31.94244316,79.9538145,2.222064541,1187.544215
44013.4625,31.82155291,79.96387597,2.22712182,1187.327048
44013.46215,31.79091463,79.97393744,2.223176473,1187.19967
44013.46181,31.91916628,79.98399891,2.226029094,1187.452411
44013.46146,31.94968213,79.99406038,2.231136573,1187.422095
44013.46111,31.82032007,79.91129722,2.22412257,1187.386384
44013.46076,32.00860527,79.71804821,2.214918793,1187.148879
44013.46042,31.83268602,79.87852162,2.223618101,1187.154287
44013.46007,31.73725372,79.95374898,2.221665843,1187.316968
44013.45972,31.72923403,79.8382415,2.23106587,1187.712143
44013.45938,31.74913947,79.86601755,2.222809834,1187.428942
44013.45903,31.7726226,79.89379361,2.22434907,1187.47988
44013.45868,31.79037179,79.92156967,2.218895872,1188.018675
44013.45833,32.02156169,79.94934573,2.224508691,1187.922169
44013.45799,31.84394698,79.97712179,2.216574512,1187.783438
44013.45764,31.86198726,79.85677285,2.230230618,1187.935704
44013.45729,31.81092386,79.4354529,2.225765,1187.952779
44013.45694,31.80971453,78.46745811,2.228914496,1188.245929
44013.4566,31.8300041,78.96337286,2.220974629,1188.064789
44013.45625,31.73719165,79.45928761,2.223882879,1188.269846
44013.4559,31.91221276,79.95520237,2.216375005,1188.434365
44013.45556,31.84732585,79.36902164,2.230914679,1188.573692
44013.45521,31.81491531,79.9235778,2.227522924,1188.705888
44013.45486,31.90362052,79.98439049,2.227864393,1188.434485
44013.45451,31.86881605,79.95119082,2.228472106,1188.505937
44013.45417,31.99602451,79.97613164,2.223634727,1188.641129
44013.45382,31.85768294,79.97242887,2.224051106,1188.782012
44013.45347,31.87327974,78.50018717,2.236507701,1189.29402
44013.45313,31.79555542,78.31949572,2.223043754,1189.680847
44013.45278,31.8798118,79.07523142,2.227024942,1189.65211
44013.45243,31.90953383,79.83096711,2.229566374,1189.512924
44013.45208,31.79059797,79.25850847,2.225658494,1189.821266
44013.45174,31.77325283,79.77313062,2.221820324,1190.176209
44013.45139,31.8148605,79.98754011,2.226626521,1190.535522
44013.45104,31.83944006,79.9316331,2.219812745,1190.467661
44013.45069,31.70443341,79.94101085,2.221461936,1190.986524
44013.45035,31.80210692,79.95038859,2.219592468,1191.413883
44013.45,31.86645966,79.95976634,2.225902845,1191.408884
44013.44965,31.68010561,79.96914409,2.230599265,1192.310962
44013.44931,31.9319734,79.97852183,2.228660481,1192.5061
44013.44896,31.83583379,79.98789958,2.223225696,1192.85516
44013.44861,32.04172413,79.99727733,2.226053138,1193.450999
44013.44826,32.02266705,78.46730321,2.223778483,1194.113591
44013.44792,31.83655269,79.88693154,2.23090977,1194.61062
44013.44757,32.21533869,79.35632419,2.251655898,1195.253285
44013.44722,32.4466327,79.80135776,2.272134676,1195.511282
44013.44688,32.32301815,79.41797434,2.27715607,1195.436458
44013.44653,32.48001681,79.63239213,2.272603361,1195.339665
44013.44618,32.45002227,79.72239036,2.27488376,1195.238078
44013.44583,32.65030361,79.86474636,2.276905682,1195.400859
44013.44549,32.407614,79.9521166,2.271136832,1195.238037
44013.44514,32.4103961,79.77710938,2.279266334,1195.305949
44013.44479,32.38137159,79.43862442,2.272458184,1195.210882
44013.44444,32.42165552,79.31876071,2.272438398,1195.193938
44013.4441,32.34789237,79.46297903,2.274266169,1195.35191
44013.44375,32.3475011,79.60719735,2.272064982,1195.180292
44013.4434,32.39754253,79.75141568,2.272751239,1195.390455
44013.44306,32.36981413,79.895634,2.271347508,1195.405985
44013.44271,32.39021833,79.50501571,2.279002222,1195.478719
44013.44236,32.46964357,78.52020729,2.270515492,1194.695455
44013.44201,32.49831477,78.82280276,2.270514394,1195.172191
44013.44167,32.48018691,79.12539823,2.274123365,1195.477169
44013.44132,32.46985059,79.4279937,2.269893563,1195.156657
44013.44097,32.39187935,79.73058917,2.272155376,1195.327998
44013.44063,32.432619,79.7677097,2.274598135,1195.321317
44013.44028,32.30832324,78.09901061,2.266579535,1195.248163
44013.43993,32.39148922,78.31124567,2.284497753,1195.297413
44013.43958,32.391082,78.52348072,2.273333567,1195.556706
44013.43924,32.34053636,78.73571578,2.278533021,1195.346654
44013.43889,32.42803824,78.94795083,2.273225245,1195.307787
44013.43854,32.32585219,79.16018589,2.279188635,1195.077124
44013.43819,32.48695403,79.37242094,2.271667053,1195.236507
44013.43785,32.40098045,79.584656,2.269250015,1195.20775
44013.4375,32.37022076,79.79689105,2.278479629,1195.253435
44013.43715,32.38368208,79.85817854,2.273380463,1195.236507
44013.43681,32.34296824,78.28579353,2.277218287,1195.371819
44013.43646,32.31590981,79.85797922,2.279272745,1195.297384
44013.43611,32.39116533,79.67909402,2.268325314,1195.326453
44013.43576,32.33108576,79.15056791,2.277479266,1195.363577
44013.43542,32.48111777,79.36891221,2.277562806,1195.429605
44013.43507,32.49649939,79.5872565,2.275657151,1195.351629
44013.43472,32.33427175,79.8056008,2.274555701,1194.880607
44013.43438,32.49297502,79.78809202,2.280703129,1195.177161
44013.43403,32.33792213,78.85429934,2.272259072,1195.205923
44013.43368,32.40843518,79.62305398,2.276185371,1195.197665
44013.43333,32.40001679,79.47876481,2.272557924,1195.231386
44013.43299,32.51808411,79.4592418,2.273617918,1195.193938
44013.43264,32.41450148,79.9266214,2.275283874,1195.533096
44013.43229,32.43377512,79.29646502,2.274477364,1195.573786
44013.43194,32.48295166,79.32828206,2.278312409,1195.26197
44013.4316,32.55024052,79.48607345,2.274048691,1195.205907
44013.43125,32.36452121,79.64386483,2.278239151,1195.315913
44013.4309,32.48548488,79.80165622,2.271526206,1195.212574
44013.43056,32.42562182,79.95944761,2.266687379,1195.155116
44013.43021,32.41803792,78.54319617,2.269348474,1195.224432
44013.42986,32.43768448,78.44482625,2.279442133,1195.028006
44013.42951,32.36866027,78.83784463,2.273654772,1195.332988
44013.42917,32.43848796,79.23086302,2.273984698,1195.431166
44013.42882,32.27742592,79.6238814,2.276864848,1195.134603
44013.42847,32.4683385,79.90259516,2.273529063,1195.036157
44013.42813,32.34892828,78.17667387,2.280492704,1195.231083
44013.42778,32.41187524,78.61528973,2.271688261,1195.23124
44013.42743,32.40878104,79.05390559,2.270954564,1195.407419
44013.42708,32.41785446,79.49252145,2.277118129,1195.222701
44013.42674,32.5078231,79.93113731,2.274062597,1195.380375
44013.42639,32.42902251,79.65370763,2.277176846,1195.044969
44013.42604,32.38391288,79.53929432,2.278586033,1195.1756
44013.42569,32.43062231,79.55396118,2.274740048,1195.385365
44013.42535,32.38898263,79.78188086,2.27890472,1195.019193
44013.425,32.46476132,79.9966472,2.273058014,1195.541606
44013.42465,32.47893857,79.97174876,2.274717808,1194.863507
44013.42431,32.33355297,79.7491058,2.275551875,1195.129497
44013.42396,32.39434399,79.48231469,2.272130156,1195.27692
44013.42361,32.59365433,79.89415662,2.2778489,1195.226093
44013.42326,32.33511445,79.91198894,2.266078808,1195.292277
44013.42292,32.3295024,79.93914065,2.271328764,1195.155086
44013.42257,32.44571571,79.99495785,2.268918854,1195.395455
44013.42222,32.43726381,79.83887743,2.277830043,1195.312641
44013.42188,32.43779421,79.97940423,2.275245314,1195.277197
44013.42153,32.45613488,79.92690467,2.271759006,1195.505874
44013.42118,32.51769815,79.95098511,2.265033234,1195.516
44013.42083,32.47229965,79.97603104,2.275634016,1195.053232
44013.42049,32.3939076,79.97817188,2.275433716,1194.980341
44013.42014,32.38269206,79.63321532,2.276117622,1195.378825
44013.41979,32.43400029,79.77301383,2.278252884,1195.366709
44013.41944,32.44079877,79.91281233,2.276485706,1195.421065
44013.4191,32.4406075,79.86306591,2.272747696,1194.75978
44013.41875,32.51206099,79.81503672,2.270182604,1195.122644
44013.4184,32.40261637,78.91511909,2.281281971,1195.273364
44013.41806,32.46680236,79.02785242,2.278980904,1194.666729
44013.41771,32.50421241,79.77819788,2.273309799,1194.963251
44013.41736,32.35001586,79.05718273,2.274809616,1195.144713
44013.41701,32.38026359,79.16910754,2.272834207,1194.795359
44013.41667,32.55167909,79.28103235,2.272733093,1194.71752
44013.41632,32.45394998,79.39295715,2.276998398,1194.790385
44013.41597,32.39979343,79.50488196,2.277997454,1194.546204
44013.41563,32.48483508,79.61680677,2.272256303,1194.793517
44013.41528,32.45980012,79.72873157,2.279095595,1194.825799
44013.41493,32.44111827,79.84065638,2.273725597,1194.998987
44013.41458,32.41406199,79.95258119,2.274090936,1195.010815
44013.41424,32.43418118,79.09933453,2.277300341,1195.007542
44013.41389,32.46275347,78.98891706,2.27239279,1194.570116
44013.41354,32.3835288,79.52378725,2.273740247,1194.770178
44013.41319,32.3776122,79.76745309,2.274314211,1195.080251
44013.41285,32.27745662,78.80401468,2.280149366,1194.566385
44013.4125,32.40043032,79.70755433,2.276800345,1194.302043
44013.41215,32.40164621,79.42639434,2.278278187,1194.729615
44013.41181,32.41004824,79.76992923,2.278880597,1194.653344
44013.41146,32.38678029,79.6301484,2.273864288,1194.914319
44013.41111,32.49333592,79.68274431,2.27677535,1194.496917
44013.41076,32.40329538,79.83697654,2.268831024,1194.862973
44013.41042,32.56875418,79.99120876,2.278040604,1194.449723
44013.41007,32.38768606,79.87677841,2.273316602,1194.722514
44013.40972,32.39475535,79.95645878,2.273007245,1194.668294
44013.40938,32.3928634,79.55160304,2.276410445,1194.529108
44013.40903,32.38907613,79.29968611,2.273353893,1194.571516
44013.40868,32.42206197,79.47373479,2.274123683,1194.868336
44013.40833,32.39078239,79.64778348,2.269064211,1194.900788
44013.40799,32.4259748,79.82183216,2.279705797,1195.124073
44013.40764,32.4565095,79.99588085,2.282749001,1194.942803
44013.40729,32.46785913,78.96677128,2.274965067,1195.086939
44013.40694,32.32581061,79.18149259,2.269123514,1195.404122
44013.4066,32.31759422,79.41378114,2.277056905,1195.258284
44013.40625,32.51605651,79.64606968,2.280858312,1195.176904
44013.4059,32.39517869,79.87835823,2.27494483,1195.244729
44013.40556,32.39570933,79.82698797,2.268791561,1195.49236
44013.40521,32.40867757,79.99846654,2.268444138,1195.136491
44013.40486,32.50236362,79.59020525,2.281643612,1195.219412
44013.40451,32.38560394,79.73748207,2.267352086,1195.244602
44013.40417,32.42044724,79.88143268,2.27349307,1194.895569
44013.40382,32.35261135,79.92137476,2.275441137,1195.224548
44013.40347,32.34329653,79.75757727,2.265142218,1195.187287
44013.40313,32.35771273,79.95568901,2.273121561,1195.404267
44013.40278,32.40067876,79.95527824,2.277254072,1195.345073
44013.40243,32.53847738,79.99649498,2.282598766,1195.362007
44013.40208,32.51186095,79.31723024,2.27288912,1195.626444
44013.40174,32.34901859,79.92637092,2.278332164,1195.56211
44013.40139,32.47478479,79.95862921,2.27694417,1195.480698
44013.40104,32.51743176,79.85914805,2.27568817,1195.524808
44013.40069,32.41080047,79.98280156,2.274562858,1195.555124
44013.40035,32.51620903,79.96575559,2.275071411,1195.51443
44013.4,32.35008867,79.98578129,2.271968329,1195.551716
44013.39965,32.37013496,79.95040956,2.265767232,1195.531525
44013.39931,32.44598982,79.98399745,2.271266096,1195.627985
44013.39896,32.43066619,79.97666869,2.282669086,1195.85184
44013.39861,32.42601078,79.98744384,2.272678611,1196.318319
44013.39826,32.39549389,79.81000164,2.269773158,1196.331976
44013.39792,32.36754129,78.90698385,2.270430974,1196.645482
44013.39757,32.44649625,79.13675391,2.276790182,1196.589716
44013.39722,32.41318844,79.36652396,2.28514682,1196.493216
44013.39688,32.44249764,79.59629402,2.275945608,1197.125366
44013.39653,32.50246471,79.82606407,2.280821831,1197.288308
44013.39618,32.48745229,79.59526914,2.273735204,1197.741011
44013.39583,32.46889584,78.7504212,2.277800101,1197.588588
44013.39549,32.37356714,79.15477201,2.27317122,1197.690629
44013.39514,32.48157097,79.55912283,2.279577076,1198.454951
44013.39479,32.43852162,79.96347364,2.275849856,1198.739872
44013.39444,32.37024437,78.01966136,2.277933438,1199.199384
44013.3941,32.432408,78.24253464,2.278720039,1199.660883
44013.39375,32.33251291,78.64901032,2.272724549,1200.176447
44013.3934,32.43617563,79.055486,2.273988664,1200.617483
44013.39306,32.31777527,79.46196169,2.273165839,1201.148163
44013.39271,32.41101761,79.86843737,2.27428107,1201.731617
44013.39236,32.42232534,79.38474579,2.279370577,1202.396216
44013.39201,33.06021879,79.9466378,2.324221523,1202.518427
44013.39167,33.03947824,79.9478665,2.323710396,1202.645528
44013.39132,33.09609153,79.97203595,2.327479474,1202.647366
44013.39097,33.08943366,79.9962054,2.324309238,1202.514882
44013.39063,33.16578593,79.53135595,2.320102133,1202.463784
44013.39028,33.07141453,79.58328773,2.327004091,1202.621595
44013.38993,32.96693895,79.78920715,2.332329251,1202.433481
44013.38958,33.0438071,79.99512657,2.327888755,1202.401326
44013.38924,33.06241758,79.09064601,2.329215534,1202.59289
44013.38889,32.98815645,79.67355292,2.327759165,1202.38269
44013.38854,32.91406055,79.7416452,2.328927823,1202.631993
44013.38819,33.03089934,79.47781106,2.327821427,1202.487697
44013.38785,33.05217097,79.53699155,2.327623683,1202.467334
44013.3875,33.07748656,79.59617204,2.327570726,1202.435042
44013.38715,33.04284458,79.65535254,2.323952784,1202.464061
44013.38681,33.0925831,79.71453303,2.331940834,1202.480869
44013.38646,33.02384267,79.77371352,2.332285047,1202.150407
44013.38611,33.02929652,79.83289402,2.333006386,1202.046681
44013.38576,33.06662063,79.89207451,2.330800931,1201.941629
44013.38542,33.14793662,79.951255,2.326968314,1201.795939
44013.38507,32.99385064,79.90980267,2.326796427,1202.033296
44013.38472,33.09684341,79.62980537,2.325871277,1201.563706
44013.38438,33.03911093,79.76740714,2.331745058,1201.69774
44013.38403,32.99878068,79.90500891,2.324696763,1201.67211
44013.38368,33.01472277,79.74853267,2.329528118,1201.59584
44013.38333,33.03155889,79.63114586,2.322933313,1201.773737
44013.38299,33.08444934,79.898778,2.322663166,1201.585453
44013.38264,32.9020738,79.95608014,2.324441929,1201.931569
44013.38229,33.08340475,79.65405478,2.330118424,1201.567135
44013.38194,33.07021499,79.75312931,2.331404015,1201.770329
44013.3816,33.04880092,79.86937669,2.327156225,1201.92457
44013.38125,33.13332551,79.98562407,2.32915959,1201.843153
44013.3809,33.0158018,79.78848654,2.32964859,1201.556732
44013.38056,33.02849032,79.79954773,2.326480255,1201.738174
44013.38021,33.11674958,79.8391863,2.327090895,1201.671833
44013.37986,32.96819004,79.87882488,2.329500716,1201.634688
44013.37951,33.0104682,79.91846345,2.328093542,1201.5772
44013.37917,33.07490823,79.95810203,2.339665057,1201.436191
44013.37882,33.04894611,79.9977406,2.329085527,1201.505941
44013.37847,32.97658716,79.131093,2.329540317,1201.444726
44013.37813,33.09970429,79.23561997,2.324315225,1201.286895
44013.37778,32.91055123,79.38777577,2.330415038,1201.236245
44013.37743,33.10134003,79.53993157,2.323481961,1201.234538
44013.37708,33.04610512,79.69208737,2.31949843,1200.75465
44013.37674,33.11850171,79.84424318,2.330823666,1200.8396
44013.37639,33.08338937,79.99639898,2.322928563,1200.739443
44013.37604,32.95725871,79.96798795,2.325771993,1200.447713
44013.37569,33.09607909,79.93545613,2.323518196,1200.802057
44013.37535,32.98962203,79.94892991,2.32112576,1200.834212
44013.375,32.85118831,79.96240368,2.321723623,1200.703566
44013.37465,33.07723584,79.97587745,2.331385925,1200.432633
44013.37431,33.08192731,79.98935123,2.324947126,1200.681814
44013.37396,33.00819511,79.60910726,2.327811217,1200.590267
44013.37361,33.03292201,79.29603767,2.324439197,1200.673556
44013.37326,33.0594771,79.98816946,2.320431771,1200.271266
44013.37292,33.11566147,79.99372436,2.327248184,1200
44013.37257,33.09836836,79.66216115,2.336191587,1199.920161
44013.37222,33.12655162,79.83452919,2.325354445,1199.83377
44013.37188,33.08153091,79.98640189,2.331408427,1199.942194
44013.37153,33.08360292,79.9332809,2.335484304,1199.691452
44013.37118,33.0893671,79.63335561,2.329070832,1199.860814
44013.37083,33.06064845,79.96534639,2.328989524,1199.772853
44013.37049,33.09675334,79.93519083,2.323745592,1199.821971
44013.37014,33.10195066,79.92564712,2.32337616,1199.386374
44013.36979,33.0381124,79.81004729,2.325922782,1199.069171
44013.36944,33.07313742,79.83521009,2.324573987,1199.230093
44013.3691,33.08586521,79.73807497,2.33141909,1198.790663
44013.36875,33.021874,79.87423423,2.316863215,1198.758508
44013.3684,33.04171835,79.97621707,2.325869597,1198.514306
44013.36806,33.06381341,79.73089265,2.32075665,1198.746837
44013.36771,33.10397295,79.77256949,2.322045462,1198.163371
44013.36736,33.03829506,79.81424633,2.324710086,1198.087118
44013.36701,33.02056146,79.85592317,2.326997466,1197.651369
44013.36667,33.0453905,79.89760001,2.331409487,1197.580058
44013.36632,33.11052503,79.93927685,2.32289304,1197.332418
44013.36597,33.00302173,79.98095368,2.331938636,1197.491663
44013.36563,33.03593746,79.01701466,2.326234101,1196.764502
44013.36528,33.06753394,79.34098498,2.329006553,1196.666006
44013.36493,32.95373445,79.72584406,2.321276956,1196.498206
44013.36458,33.0956149,79.84006112,2.32732205,1196.293002
44013.36424,33.01120547,79.85300172,2.321961669,1195.60592
44013.36389,32.98675547,79.91039659,2.328078955,1195.597396
44013.36354,33.18091089,79.90122996,2.327169539,1194.886886
44013.36319,33.06663223,79.70882337,2.319186732,1194.45285
44013.36285,33.02092238,79.77319076,2.330939593,1194.586873
44013.3625,33.10910836,79.83755815,2.325806825,1194.066208
44013.36215,33.01134177,79.90192555,2.329014408,1193.389541
44013.36181,33.11780327,79.96629294,2.326790206,1192.719712
44013.36146,33.11162649,79.86176939,2.32656352,1192.450016
44013.36111,33.03310923,79.84277979,2.323053728,1191.566835
44013.36076,33.10020567,79.91681222,2.327449756,1190.791582
44013.36042,33.15989001,79.99084466,2.337476274,1190.36607
44013.36007,33.14991483,79.59157674,2.321626678,1189.384137
44013.35972,33.03830914,78.97805305,2.320043292,1188.661637
44013.35938,33.10478654,79.77005534,2.330312787,1187.776312
44013.35903,33.01270418,78.05913368,2.336112895,1186.891309
44013.35868,33.04819785,78.51620411,2.318384448,1185.646685
44013.35833,33.12853607,79.72878588,2.328201086,1184.644268
44013.35799,33.14937918,79.84373522,2.328882446,1183.609738
44013.35764,33.08674956,79.88950924,2.330652227,1182.325965
44013.35729,33.01377957,79.74441253,2.328937773,1180.950711
44013.35694,33.08022656,79.88456285,2.324923187,1179.519503
44013.3566,33.13475055,79.80847414,2.307718749,1177.706617
44013.35625,33.04904539,79.32945521,2.33175667,1176.10921
44013.3559,33.05621216,79.73412919,2.333380592,1174.138522
44013.35556,33.02294155,79.31720378,2.314545022,1171.851114
44013.35521,33.1479366,78.88052775,2.331455393,1169.539351
44013.35486,33.00303248,79.72626352,2.337678971,1167.272191
44013.35451,33.10233339,79.22546914,2.332423625,1164.265333
44013.35417,33.09378441,79.09814487,2.331277846,1161.885872
44013.35382,33.1414563,79.33400621,2.331495441,1158.431751
44013.35347,33.00087944,79.56986754,2.325406093,1155.148825
44013.35313,33.04414155,79.80572888,2.319113325,1151.945074
44013.35278,33.12209396,79.97316754,2.337408451,1147.849604
44013.35243,33.16277913,79.88431125,2.33773209,1143.910206
44013.35208,33.26309798,79.91983128,2.340064944,1139.019405
44013.35174,33.0841818,79.95535132,2.323798592,1133.970764
44013.35139,33.16764172,79.99087135,2.323769274,1128.412234
44013.35104,33.08879884,79.9101485,2.329975762,1122.897051
44013.35069,33.0339353,79.92413848,2.317673192,1116.73119
44013.35035,33.08355944,79.79256098,2.326386374,1109.967995
44013.35,33.07462787,79.82901561,2.319294503,1103.013529
44013.34965,33.04255195,79.86547025,2.331786828,1095.739897
44013.34931,33.0309913,79.90192488,2.315899394,1088.098417
44013.34896,32.9492945,79.93837952,2.312582596,1079.873886
44013.34861,33.27921512,79.97483415,2.336238752,1068.131164
44013.34826,33.23353905,79.82957812,2.311810277,1049.143793
44013.34792,33.16051159,79.94343876,2.31945938,1039.61658
44013.34757,33.12083001,79.8878246,2.318116402,1029.349912
44013.34722,33.20643525,79.97230236,2.330835323,1018.426804
44013.34688,33.28919442,79.61567793,2.317795905,1006.433808
44013.34653,33.27088914,79.87355451,2.326349952,994.1644608
44013.34618,33.1211273,79.99017483,2.328069621,981.3271699
44013.34583,33.38570119,78.56738666,2.320442508,967.4366436
44013.34549,33.29290955,79.6304764,2.328913514,953.0594262
44013.34514,33.34272436,79.90336151,2.319457021,938.4482695
44013.34479,33.28465692,79.92207926,2.320347367,922.8396533
44013.34444,33.38331277,79.9886006,2.318221987,907.4213197
44013.3441,33.31954792,79.76929208,2.314951593,891.3124971
44013.34375,33.41108496,79.72517108,2.324615823,875.5023826
44013.3434,32.65637649,79.74682764,2.252930626,860.5024154
44013.34306,31.08709331,79.7684842,2.145432973,845.7759729
44013.34271,29.56112424,79.79014075,2.026903675,831.9904691
44013.34236,28.08078126,79.81179731,1.917663644,819.288625
44013.34201,27.09470342,79.83345386,1.85483125,813.7156359
44013.34167,26.39402733,79.85511042,1.794412507,803.8513655
44013.34132,25.56621271,79.87676698,1.737301456,791.8313228
44013.34097,24.80015182,79.89842353,1.686229168,779.7772745
44013.34063,24.12231923,79.92008009,1.620578167,768.8831937
44013.34028,23.28417698,79.94173665,1.559186986,757.6841281
44013.33993,22.38768377,79.9633932,1.508628251,747.8395435
44013.33958,21.65439811,79.98504976,1.45332486,738.0513214
44013.33924,20.82851596,79.74078361,1.386440973,729.1005872
44013.33889,19.95935772,79.24985667,1.335885681,720.750239
44013.33854,19.28390822,79.21410569,1.268901549,712.6187767
44013.33819,18.35621828,79.64504755,1.218273225,705.2315735
44013.33785,17.5269747,79.86968065,1.147252562,698.4584126
44013.3375,16.73798152,79.46331896,1.097391326,691.9432922
44013.33715,15.97449867,79.66036255,1.038663827,686.1570356
44013.33681,15.14044524,79.85740613,0.980781722,680.401555
44013.33646,14.39047454,79.98974434,0.925848828,675.2203786
44013.33611,13.91249499,79.9723121,0.897481056,670.7214815
44013.33576,13.54499173,79.98146916,0.856694595,666.0392498
44013.33542,13.14423301,79.99062622,0.83940819,661.9453651
44013.33507,12.73809651,79.99978328,0.807439401,644.5388281
44013.33472,12.34751052,79.93048932,0.779734901,631.2579404
44013.33438,11.88629606,79.97481539,0.749612298,628.2985152
44013.33403,11.44223014,79.59693236,0.725090297,625.4406712
44013.33368,10.97232619,79.77819498,0.685968256,622.6107137
44013.33333,10.60260069,79.95945759,0.655914363,620.492789
44013.33299,10.16261018,79.79977945,0.62720944,618.6069257
44013.33264,9.77023048,79.76473351,0.599559461,617.375661
44013.33229,9.337920829,79.7866725,0.573927903,616.1341589
44013.33194,8.909500985,79.8086115,0.544106137,614.9793293
44013.3316,8.483242165,79.8305505,0.517763672,614.4534913
44013.33125,8.064865576,79.8524895,0.484652743,613.7174675
44013.3309,7.643592601,79.87442849,0.463126734,613.2514109
44013.33056,7.253747307,79.89636749,0.429914681,612.6983948
44013.33021,6.814090836,79.91830649,0.404050099,612.6475912
44013.32986,6.408600814,79.94024548,0.37600192,612.6475912
44013.32951,5.960157164,79.96218448,0.344154355,612.6882915
44013.32917,5.795658225,79.98412348,0.333930527,612.8305989
44013.32882,5.779004539,79.84556927,0.335877551,612.637488
44013.32847,5.771290669,79.57228721,0.334396143,612.7390951
44013.32813,5.777143712,79.69969644,0.327717656,612.666232
44013.32778,5.773974836,79.82710567,0.337877756,612.7204543